,id,location_id,trafficker_id,arrests,event_date,id,country,city_id,id,event_id,product_name,description,animal,quantity,weight_kg,price_usd,transportation_method
0,1,0.0,,,04/2017,,,,,,,,,,,,
1,2,3.0,,3.0,04/2017,3.0,Togo,,3.0,2.0,skin,,leopard,1.0,,,
2,2,3.0,,3.0,04/2017,3.0,Togo,,4.0,2.0,tooth,,leopard,1.0,,,
3,2,3.0,,3.0,04/2017,3.0,Togo,,1.0,2.0,tusk,,elephant,2.0,,,
4,2,3.0,,3.0,04/2017,3.0,Togo,,2.0,2.0,tusk,,leopard,2.0,,,
5,3,4.0,,3.0,04/2017,4.0,Congo,,10.0,3.0,skin,,python,783.0,,,
6,3,4.0,,3.0,04/2017,4.0,Congo,,12.0,3.0,skin,,snake,1.0,-1.0,,
7,4,2.0,,,04/2017,2.0,Uganda,,15.0,4.0,skin,,python,1.0,,,
8,5,,,,04/2018,,,,,,,,,,,,
9,6,,,1.0,04/2018,,,,,,,,,,,,
10,7,4.0,,4.0,04/2018,4.0,Congo,,,,,,,,,,
11,8,6.0,,,04/2018,6.0,Mali,,26.0,8.0,skin,,leopard,1.0,-1.0,,
12,9,,,,04/2018,,,,,,,,,,,,
13,10,7.0,,4.0,04/2018,7.0,Cameroon,,27.0,10.0,skin,,python,22.0,,,
14,11,0.0,,4.0,04/2018,,,,,,,,,,,,
15,12,0.0,,,04/2018,,,,,,,,,,,,
16,13,,,1.0,04/2019,,,,,,,,,,,,
17,14,5.0,,1.0,04/2019,5.0,Gabon,,,,,,,,,,
18,15,8.0,,2.0,04/2019,8.0,Senegal,,30.0,15.0,tusk,,elephant,5.0,,,
19,16,,,,04/2019,,,,31.0,16.0,tusk,,elephant,1.0,,,
20,17,9.0,,1.0,04/2019,9.0,Benin,,32.0,17.0,scale,,pangolin,1.0,,,
21,18,,,1.0,04/2019,,,,35.0,18.0,bone,,lion,1.0,,,
22,18,,,1.0,04/2019,,,,34.0,18.0,skin,,lion,3.0,,,
23,19,,,2.0,04/2019,,,,36.0,19.0,skin,,leopard,1.0,,,
24,20,1.0,,1.0,04/2019,1.0,Guinea,,37.0,20.0,skin,,leopard,2.0,-1.0,,
25,21,5.0,,1.0,04/2019,5.0,Gabon,,41.0,21.0,skin,,leopard,1.0,,,
26,22,,,1.0,04/2019,,,,,,,,,,,,
27,23,,,3.0,04/2019,,,,,,,,,,,,
28,24,10.0,,2.0,04/2019,10.0,Equatorial Guinea,,,,,,,,,,
29,25,,,1.0,04/2019,,,,,,,,,,,,
30,26,4.0,,1.0,04/2019,4.0,Congo,,,,,,,,,,
31,27,,,,04/2019,,,,56.0,27.0,skin,,lion,3.0,,,
32,28,,,,04/2020,,,,,,,,,,,,
33,29,11.0,,1.0,04/2020,11.0,Burkina Faso,,57.0,29.0,skin,,leopard,1.0,-1.0,,
34,30,7.0,,,04/2020,7.0,Cameroon,,59.0,30.0,scale,,pangolin,1.0,50.0,,
35,31,7.0,,2.0,04/2020,7.0,Cameroon,,,,,,,,,,
36,32,7.0,,1.0,04/2020,7.0,Cameroon,,,,,,,,,,
37,33,7.0,,,04/2020,7.0,Cameroon,,61.0,33.0,scale,,pangolin,1.0,50.0,,
38,34,7.0,,,04/2020,7.0,Cameroon,,,,,,,,,,
39,35,14.0,,1.0,04/2021,14.0,Nigeria,,,,,,,,,,
40,36,,,4.0,04/2021,,,,,,,,,,,,
41,37,3.0,,2.0,04/2021,3.0,Togo,,,,,,,,,,
42,38,9.0,,2.0,04/2021,9.0,Benin,,,,,,,,,,
43,39,8.0,,,04/2021,8.0,Senegal,,69.0,39.0,skin,,leopard,4.0,,,
44,40,,,3.0,04/2021,,,,,,,,,,,,
45,41,0.0,,2.0,04/2021,,,,73.0,41.0,tusk,,elephant,2.0,,,
46,42,1.0,,2.0,04/2021,1.0,Guinea,,74.0,42.0,tusk,,elephant,1.0,,,
47,43,8.0,,3.0,04/2021,8.0,Senegal,,75.0,43.0,skin,,leopard,4.0,,,
48,44,0.0,,,04/2021,,,,80.0,44.0,tusk,,elephant,2.0,,,
49,45,,,2.0,08/2017,,,,,,,,,,,,
50,46,8.0,,,08/2017,8.0,Senegal,,,,,,,,,,
51,47,7.0,,1.0,08/2017,7.0,Cameroon,,82.0,47.0,scale,,pangolin,1.0,35.0,,
52,48,5.0,,1.0,08/2017,5.0,Gabon,,,,,,,,,,
53,49,2.0,,1.0,08/2017,2.0,Uganda,,,,,,,,,,
54,50,2.0,,2.0,08/2017,2.0,Uganda,,,,,,,,,,
55,51,2.0,,1.0,08/2017,2.0,Uganda,,,,,,,,,,
56,52,,,1.0,08/2017,,,,,,,,,,,,
57,53,,,1.0,08/2017,,,,,,,,,,,,
58,54,5.0,,1.0,08/2017,5.0,Gabon,,,,,,,,,,
59,55,,,1.0,08/2017,,,,97.0,55.0,tusk,,elephant,2.0,,,
60,56,5.0,,2.0,08/2017,5.0,Gabon,,100.0,56.0,tusk,,elephant,2.0,,,
61,57,2.0,,,08/2017,2.0,Uganda,,103.0,57.0,skin,,leopard,1.0,-1.0,,
62,57,2.0,,,08/2017,2.0,Uganda,,104.0,57.0,skin,,python,6.0,,,
63,58,8.0,,,08/2017,8.0,Senegal,,105.0,58.0,skin,,cheetah,1.0,,,
64,58,8.0,,,08/2017,8.0,Senegal,,106.0,58.0,skin,,leopard,1.0,,,
65,59,,,6.0,08/2018,,,,,,,,,,,,
66,60,14.0,,1.0,08/2018,14.0,Nigeria,,107.0,60.0,scale,,pangolin,1.0,700.0,,
67,61,5.0,,1.0,08/2018,5.0,Gabon,,,,,,,,,,
68,62,5.0,,1.0,08/2018,5.0,Gabon,,,,,,,,,,
69,63,,,1.0,08/2018,,,,,,,,,,,,
70,64,5.0,,2.0,08/2018,5.0,Gabon,,117.0,64.0,skin,,leopard,1.0,,,
71,65,,,3.0,08/2018,,,,118.0,65.0,skin,,leopard,2.0,,,
72,66,,,1.0,08/2018,,,,119.0,66.0,skin,,leopard,2.0,,,
73,67,11.0,,,08/2018,11.0,Burkina Faso,,,,,,,,,,
74,68,5.0,,,08/2018,5.0,Gabon,,124.0,68.0,scale,,pangolin,1.0,700.0,,
75,69,,,2.0,08/2019,,,,,,,,,,,,
76,70,,,1.0,08/2019,,,,125.0,70.0,scale,,pangolin,1.0,148.0,,
77,71,5.0,,1.0,08/2019,5.0,Gabon,,,,,,,,,,
78,72,5.0,,1.0,08/2019,5.0,Gabon,,,,,,,,,,
79,73,5.0,,,08/2019,5.0,Gabon,,137.0,73.0,scale,,pangolin,1.0,148.0,,
80,74,5.0,,,08/2021,5.0,Gabon,,140.0,74.0,scale,,pangolin,12.0,,,
81,74,5.0,,,08/2021,5.0,Gabon,,139.0,74.0,skin,,pangolin,12.0,,,
82,74,5.0,,,08/2021,5.0,Gabon,,141.0,74.0,tooth,,leopard,12.0,,,
83,74,5.0,,,08/2021,5.0,Gabon,,138.0,74.0,tusk,,elephant,12.0,,,
84,75,5.0,,4.0,08/2021,5.0,Gabon,,142.0,75.0,skin,,leopard,3.0,-1.0,,
85,76,8.0,,,08/2021,8.0,Senegal,,144.0,76.0,skin,,leopard,2.0,,,
86,77,,,1.0,08/2021,,,,,,,,,,,,
87,78,,,,08/2021,,,,,,,,,,,,
88,79,5.0,,4.0,08/2021,5.0,Gabon,,147.0,79.0,skin,,leopard,1.0,-1.0,,
89,79,5.0,,4.0,08/2021,5.0,Gabon,,146.0,79.0,tusk,,elephant,2.0,,,
90,80,8.0,,,08/2021,8.0,Senegal,,148.0,80.0,skin,,leopard,2.0,,,
91,81,5.0,,,08/2021,5.0,Gabon,,151.0,81.0,scale,,monkey,12.0,,,
92,81,5.0,,,08/2021,5.0,Gabon,,150.0,81.0,skin,,python,12.0,,,
93,81,5.0,,,08/2021,5.0,Gabon,,152.0,81.0,tooth,,leopard,12.0,,,
94,81,5.0,,,08/2021,5.0,Gabon,,149.0,81.0,tusk,,python,12.0,,,
95,82,5.0,,4.0,08/2021,5.0,Gabon,,153.0,82.0,skin,,leopard,3.0,-1.0,,
96,83,8.0,,,08/2021,8.0,Senegal,,155.0,83.0,skin,,leopard,2.0,,,
97,84,,,1.0,08/2021,,,,,,,,,,,,
98,85,,,,08/2021,,,,,,,,,,,,
99,86,5.0,,4.0,08/2021,5.0,Gabon,,158.0,86.0,skin,,leopard,1.0,-1.0,,
100,86,5.0,,4.0,08/2021,5.0,Gabon,,157.0,86.0,tusk,,leopard,2.0,,,
101,87,8.0,,,08/2021,8.0,Senegal,,159.0,87.0,skin,,leopard,2.0,,,
102,88,13.0,,1.0,12/2017,13.0,Niger,,,,,,,,,,
103,89,5.0,,1.0,12/2017,5.0,Gabon,,,,,,,,,,
104,90,,,2.0,12/2017,,,,,,,,,,,,
105,91,4.0,,1.0,12/2017,4.0,Congo,,171.0,91.0,ivory,,pangolin,1.0,,,
106,91,4.0,,1.0,12/2017,4.0,Congo,,172.0,91.0,scale,,pangolin,1.0,,,
107,92,20.0,,406.0,12/2017,20.0,Laos,,177.0,92.0,tusk,,elephant,216.0,,,
108,93,,,,12/2017,,,,,,,,,,,,
109,94,,,66.0,12/2017,,,,,,,,,,,,
110,95,1.0,,,12/2017,1.0,Guinea,,180.0,95.0,scale,,pangolin,1.0,,,
111,95,1.0,,,12/2017,1.0,Guinea,,179.0,95.0,skin,,cat,1.0,,,
112,95,1.0,,,12/2017,1.0,Guinea,,182.0,95.0,tusk,,elephant,216.0,,,
113,96,,,2.0,12/2018,,,,,,,,,,,,
114,97,11.0,,,12/2018,11.0,Burkina Faso,,184.0,97.0,skin,,leopard,3.0,,,
115,97,11.0,,,12/2018,11.0,Burkina Faso,,183.0,97.0,skin,,lion,2.0,,,
116,98,9.0,,3.0,12/2018,9.0,Benin,,185.0,98.0,skin,,lion,1.0,,,
117,99,8.0,,5.0,12/2018,8.0,Senegal,,186.0,99.0,skin,,lion,,-1.0,,
118,100,7.0,,,12/2018,7.0,Cameroon,,187.0,100.0,scale,,pangolin,1.0,31.0,,
119,101,,,2.0,12/2018,,,,,,,,,,,,
120,102,5.0,,1.0,12/2018,5.0,Gabon,,188.0,102.0,skin,,leopard,2.0,,,
121,103,,,2.0,12/2018,,,,,,,,,,,,
122,104,8.0,,5.0,12/2018,8.0,Senegal,,193.0,104.0,scale,,pangolin,1.0,37.0,,
123,105,7.0,,3.0,12/2018,7.0,Cameroon,,194.0,105.0,scale,,pangolin,1.0,31.0,,
124,106,8.0,,,12/2018,8.0,Senegal,,195.0,106.0,skin,,lion,,,,
125,107,8.0,,,12/2019,8.0,Senegal,,196.0,107.0,skin,,leopard,1.0,-1.0,,
126,108,7.0,,1.0,12/2019,7.0,Cameroon,,,,,,,,,,
127,109,8.0,,,12/2019,8.0,Senegal,,199.0,109.0,skin,,leopard,1.0,-1.0,,
128,110,,,1.0,12/2020,,,,,,,,,,,,
129,111,7.0,,2.0,12/2020,7.0,Cameroon,,,,,,,,,,
130,112,,,4.0,12/2020,,,,,,,,,,,,
131,113,14.0,,3.0,12/2020,14.0,Nigeria,,,,,,,,,,
132,114,7.0,,,12/2020,7.0,Cameroon,,205.0,114.0,scale,,pangolin,1.0,70.0,,
133,115,7.0,,1.0,12/2020,7.0,Cameroon,,,,,,,,,,
134,116,4.0,,1.0,12/2020,4.0,Congo,,,,,,,,,,
135,117,5.0,,1.0,12/2020,5.0,Gabon,,,,,,,,,,
136,118,,,1.0,12/2020,,,,,,,,,,,,
137,119,11.0,,1.0,12/2020,11.0,Burkina Faso,,,,,,,,,,
138,120,9.0,,1.0,12/2020,9.0,Benin,,,,,,,,,,
139,121,7.0,,,12/2020,7.0,Cameroon,,219.0,121.0,scale,,pangolin,1.0,70.0,,
140,122,4.0,,2.0,12/2021,4.0,Congo,,220.0,122.0,bone,,human,1.0,,,
141,123,4.0,,1.0,12/2021,4.0,Congo,,221.0,123.0,tusk,,elephant,2.0,40.0,,
142,124,,,5.0,12/2021,,,,,,,,,,,,
143,125,,,,12/2021,,,,223.0,125.0,tooth,,hippo,4.0,,,
144,125,,,,12/2021,,,,222.0,125.0,tusk,,hippo,2.0,,,
145,126,,,3.0,12/2021,,,,,,,,,,,,
146,127,4.0,,2.0,12/2021,4.0,Congo,,,,,,,,,,
147,128,,,2.0,12/2021,,,,,,,,,,,,
148,129,5.0,,3.0,12/2021,5.0,Gabon,,224.0,129.0,tusk,,elephant,2.0,,,
149,130,5.0,,1.0,12/2021,5.0,Gabon,,227.0,130.0,skin,,leopard,2.0,,,
150,130,5.0,,1.0,12/2021,5.0,Gabon,,228.0,130.0,tooth,,leopard,1.0,,,
151,131,,,2.0,12/2021,,,,,,,,,,,,
152,132,4.0,,5.0,12/2021,4.0,Congo,,229.0,132.0,tusk,,elephant,2.0,40.0,,
153,133,5.0,,,12/2021,5.0,Gabon,,232.0,133.0,skin,,leopard,2.0,,,
154,133,5.0,,,12/2021,5.0,Gabon,,231.0,133.0,tooth,,hippo,4.0,,,
155,133,5.0,,,12/2021,5.0,Gabon,,233.0,133.0,tooth,,leopard,1.0,,,
156,133,5.0,,,12/2021,5.0,Gabon,,230.0,133.0,tusk,,hippo,2.0,,,
157,134,7.0,,,02/2017,7.0,Cameroon,,238.0,134.0,tooth,,hippo,1.0,183.0,,
158,134,7.0,,,02/2017,7.0,Cameroon,,240.0,134.0,tusk,,elephant,1.0,,,
159,135,7.0,,1.0,01/2018,7.0,Cameroon,,241.0,135.0,scale,,pangolin,1.0,40.0,,
160,135,7.0,,1.0,01/2018,7.0,Cameroon,,243.0,135.0,skin,,boa,2.0,40.0,,
161,135,7.0,,1.0,01/2018,7.0,Cameroon,,242.0,135.0,tooth,,boa,2.0,40.0,,
162,136,4.0,,2.0,01/2018,4.0,Congo,,,,,,,,,,
163,137,12.0,,,01/2018,12.0,Ghana,,245.0,137.0,skin,,lion,1.0,,,
164,138,7.0,,1.0,01/2018,7.0,Cameroon,,247.0,138.0,scale,,pangolin,1.0,40.0,,
165,138,7.0,,1.0,01/2018,7.0,Cameroon,,249.0,138.0,skin,,boa,2.0,40.0,,
166,138,7.0,,1.0,01/2018,7.0,Cameroon,,248.0,138.0,tooth,,boa,6.0,40.0,,
167,139,4.0,,,01/2018,4.0,Congo,,,,,,,,,,
168,140,,,1.0,02/2019,,,,,,,,,,,,
169,141,4.0,,6.0,02/2019,4.0,Congo,,,,,,,,,,
170,142,5.0,,,02/2019,5.0,Gabon,,,,,,,,,,
171,143,5.0,,,02/2019,5.0,Gabon,,,,,,,,,,
172,144,4.0,,7.0,02/2019,4.0,Congo,,254.0,144.0,tusk,,elephant,4.0,,,
173,145,,,1.0,02/2019,,,,256.0,145.0,scale,,leopard,1.0,4.5,,
174,145,,,1.0,02/2019,,,,259.0,145.0,scale,,pangolin,2.0,,,
175,145,,,1.0,02/2019,,,,257.0,145.0,skin,,leopard,1.0,4.5,,
176,145,,,1.0,02/2019,,,,255.0,145.0,tusk,,leopard,3.0,4.5,,
177,146,7.0,,1.0,02/2019,7.0,Cameroon,,,,,,,,,,
178,147,5.0,,4.0,02/2019,5.0,Gabon,,264.0,147.0,skin,,leopard,1.0,,,
179,148,,,2.0,02/2019,,,,265.0,148.0,skin,,leopard,2.0,-1.0,,
180,149,,,2.0,02/2019,,,,266.0,149.0,skin,,leopard,2.0,,,
181,150,7.0,,1.0,02/2019,7.0,Cameroon,,268.0,150.0,scale,,pangolin,42.0,-1.0,,
182,151,,,2.0,02/2019,,,,269.0,151.0,scale,,pangolin,1.0,,,
183,152,9.0,,1.0,02/2019,9.0,Benin,,270.0,152.0,skin,,crocodile,3.0,-1.0,,
184,153,4.0,,6.0,02/2019,4.0,Congo,,,,,,,,,,
185,154,,,,02/2019,,,,,,,,,,,,
186,155,,,,02/2020,,,,,,,,,,,,
187,156,7.0,,1.0,02/2020,7.0,Cameroon,,271.0,156.0,skin,,leopard,5.0,-1.0,,
188,157,4.0,,1.0,02/2020,4.0,Congo,,,,,,,,,,
189,158,5.0,,1.0,02/2020,5.0,Gabon,,,,,,,,,,
190,159,24.0,,1.0,02/2020,24.0,Spain,,,,,,,,,,
191,160,,,1.0,02/2020,,,,279.0,160.0,skin,,leopard,1.0,-1.0,,
192,161,5.0,,1.0,02/2020,5.0,Gabon,,,,,,,,,,
193,162,8.0,,,02/2020,8.0,Senegal,,,,,,,,,,
194,163,7.0,,,02/2020,7.0,Cameroon,,283.0,163.0,skin,,leopard,5.0,,,
195,164,,,3.0,02/2021,,,,,,,,,,,,
196,165,,,,02/2021,,,,,,,,,,,,
197,166,4.0,,2.0,02/2021,4.0,Congo,,,,,,,,,,
198,167,,,,02/2021,,,,,,,,,,,,
199,168,10.0,,1.0,02/2021,10.0,Equatorial Guinea,,,,,,,,,,
200,169,5.0,,2.0,02/2021,5.0,Gabon,,,,,,,,,,
201,170,,,3.0,02/2021,,,,,,,,,,,,
202,171,5.0,,,02/2021,5.0,Gabon,,308.0,171.0,skin,,leopard,3.0,,,
203,172,,,2.0,02/2021,,,,309.0,172.0,skin,,leopard,1.0,,,
204,173,9.0,,1.0,02/2021,9.0,Benin,,,,,,,,,,
205,174,,,1.0,02/2021,,,,,,,,,,,,
206,175,5.0,,,02/2021,5.0,Gabon,,,,,,,,,,
207,176,8.0,,2.0,01/2017,8.0,Senegal,,310.0,176.0,scale,,pangolin,1.0,4.0,,
208,177,25.0,,1.0,01/2017,25.0,Liberia,,,,,,,,,,
209,178,6.0,,1.0,01/2017,6.0,Mali,,312.0,178.0,skin,,leopard,22.0,-1.0,,
210,179,4.0,,6.0,01/2017,4.0,Congo,,316.0,179.0,tusk,,elephant,2.0,,,
211,180,5.0,,11.0,01/2017,5.0,Gabon,,,,,,,,,,
212,181,2.0,,1.0,01/2017,2.0,Uganda,,,,,,,,,,
213,182,19.0,,1.0,01/2017,19.0,Sudan,,322.0,182.0,ivory,,hippo,1.0,,,
214,182,19.0,,1.0,01/2017,19.0,Sudan,,321.0,182.0,tusk,,elephant,2.0,27.0,,
215,183,8.0,,1.0,01/2017,8.0,Senegal,,,,,,,,,,
216,184,,,,01/2017,,,,,,,,,,,,
217,185,22.0,,6.0,01/2018,22.0,China,,325.0,185.0,ivory,,pangolin,7.0,478.0,,
218,185,22.0,,6.0,01/2018,22.0,China,,326.0,185.0,scale,,pangolin,1.0,,,
219,186,4.0,,1.0,01/2018,4.0,Congo,,,,,,,,,,
220,187,5.0,,1.0,01/2018,5.0,Gabon,,,,,,,,,,
221,188,,,1.0,01/2018,,,,,,,,,,,,
222,189,,,1.0,01/2018,,,,,,,,,,,,
223,190,2.0,,3.0,01/2018,2.0,Uganda,,,,,,,,,,
224,191,,,1.0,01/2018,,,,341.0,191.0,ivory,,pangolin,100.0,25.0,,
225,191,,,1.0,01/2018,,,,343.0,191.0,scale,,pangolin,1.0,,,
226,191,,,1.0,01/2018,,,,342.0,191.0,tooth,,pangolin,100.0,50.0,,
227,192,7.0,,,01/2018,7.0,Cameroon,,346.0,192.0,ivory,,hippo,1.0,,,
228,192,7.0,,,01/2018,7.0,Cameroon,,345.0,192.0,tusk,,hippo,3.0,,,
229,193,,,2.0,01/2019,,,,350.0,193.0,skin,,hippo,3.0,-1.0,,
230,193,,,2.0,01/2019,,,,351.0,193.0,skin,,hyena,3.0,,,
231,193,,,2.0,01/2019,,,,347.0,193.0,skin,,leopard,2.0,-1.0,,
232,193,,,2.0,01/2019,,,,352.0,193.0,skin,,python,3.0,,,
233,194,7.0,,3.0,01/2019,7.0,Cameroon,,,,,,,,,,
234,195,4.0,,4.0,01/2019,4.0,Congo,,353.0,195.0,tusk,,elephant,9.0,,,
235,196,7.0,,,01/2019,7.0,Cameroon,,355.0,196.0,scale,,pangolin,1.0,54.0,,
236,196,7.0,,,01/2019,7.0,Cameroon,,356.0,196.0,tooth,,hippo,5.0,54.0,,
237,197,,,3.0,01/2019,,,,357.0,197.0,scale,,pangolin,1.0,40.0,,
238,198,4.0,,,01/2019,4.0,Congo,,360.0,198.0,skin,,leopard,2.0,,,
239,198,4.0,,,01/2019,4.0,Congo,,359.0,198.0,skin,,lion,2.0,,,
240,198,4.0,,,01/2019,4.0,Congo,,358.0,198.0,tusk,,elephant,9.0,,,
241,199,5.0,,1.0,01/2020,5.0,Gabon,,,,,,,,,,
242,200,,,1.0,01/2020,,,,,,,,,,,,
243,201,,,1.0,01/2020,,,,,,,,,,,,
244,202,,,1.0,01/2020,,,,,,,,,,,,
245,203,,,1.0,01/2020,,,,,,,,,,,,
246,204,,,,01/2020,,,,,,,,,,,,
247,205,,,2.0,01/2021,,,,,,,,,,,,
248,206,8.0,,,01/2021,8.0,Senegal,,361.0,206.0,skin,,hippo,14.0,,,
249,206,8.0,,,01/2021,8.0,Senegal,,362.0,206.0,tooth,,hippo,14.0,,,
250,207,8.0,,,01/2021,8.0,Senegal,,364.0,207.0,skin,,leopard,1.0,,,
251,208,,,2.0,01/2021,,,,365.0,208.0,skin,,leopard,2.0,,,
252,209,4.0,,2.0,01/2021,4.0,Congo,,366.0,209.0,skin,,leopard,1.0,,,
253,210,8.0,,2.0,01/2021,8.0,Senegal,,367.0,210.0,skin,,leopard,1.0,-1.0,,
254,211,4.0,,,01/2021,4.0,Congo,,368.0,211.0,skin,,leopard,1.0,,,
255,212,,,8.0,07/2017,,,,,,,,,,,,
256,213,22.0,,1.0,07/2017,22.0,China,,369.0,213.0,scale,,pangolin,1.0,3.0,,
257,214,2.0,,1.0,07/2017,2.0,Uganda,,,,,,,,,,
258,215,,,4.0,07/2017,,,,,,,,,,,,
259,216,2.0,,1.0,07/2017,2.0,Uganda,,,,,,,,,,
260,217,,,1.0,07/2017,,,,,,,,,,,,
261,218,,,1.0,07/2017,,,,,,,,,,,,
262,219,5.0,,1.0,07/2017,5.0,Gabon,,,,,,,,,,
263,220,,,1.0,07/2017,,,,381.0,220.0,tusk,,elephant,4.0,,,
264,221,,,1.0,07/2017,,,,,,,,,,,,
265,222,7.0,,1.0,07/2017,7.0,Cameroon,,386.0,222.0,skin,,leopard,1.0,,,
266,222,7.0,,1.0,07/2017,7.0,Cameroon,,385.0,222.0,tusk,,leopard,17.0,,,
267,223,1.0,,,07/2017,1.0,Guinea,,,,,,,,,,
268,224,2.0,,8.0,07/2017,2.0,Uganda,,391.0,224.0,skin,,okapi,2.0,-1.0,,
269,225,2.0,,,07/2017,2.0,Uganda,,394.0,225.0,scale,,pangolin,1.0,3.0,,
270,226,,,1.0,07/2018,,,,,,,,,,,,
271,227,7.0,,1.0,07/2018,7.0,Cameroon,,,,,,,,,,
272,228,,,1.0,07/2018,,,,,,,,,,,,
273,229,14.0,,,07/2018,14.0,Nigeria,,,,,,,,,,
274,230,1.0,,1.0,07/2018,1.0,Guinea,,400.0,230.0,skin,,leopard,1.0,-1.0,,
275,231,7.0,,1.0,07/2018,7.0,Cameroon,,,,,,,,,,
276,232,,,,07/2018,,,,,,,,,,,,
277,233,,,,07/2018,,,,403.0,233.0,skin,,leopard,1.0,,,
278,234,11.0,,2.0,07/2020,11.0,Burkina Faso,,,,,,,,,,
279,235,,,4.0,07/2020,,,,408.0,235.0,tooth,,hippo,16.0,,,
280,235,,,4.0,07/2020,,,,407.0,235.0,tusk,,hippo,4.0,,,
281,236,12.0,,2.0,07/2020,12.0,Ghana,,,,,,,,,,
282,237,,,,07/2020,,,,411.0,237.0,scale,,pangolin,1.0,,,
283,237,,,,07/2020,,,,410.0,237.0,skin,,leopard,2.0,,,
284,238,,,2.0,07/2020,,,,,,,,,,,,
285,239,,,2.0,07/2020,,,,,,,,,,,,
286,240,8.0,,1.0,07/2020,8.0,Senegal,,412.0,240.0,skin,,leopard,24.0,-1.0,,
287,241,8.0,,,07/2020,8.0,Senegal,,417.0,241.0,skin,,leopard,24.0,-1.0,,
288,242,14.0,,,07/2021,14.0,Nigeria,,418.0,242.0,scale,,pangolin,1.0,331.0,,
289,242,14.0,,,07/2021,14.0,Nigeria,,419.0,242.0,skin,,leopard,3.0,331.0,,
290,243,7.0,,,07/2021,7.0,Cameroon,,,,,,,,,,
291,244,7.0,,,07/2021,7.0,Cameroon,,,,,,,,,,
292,245,4.0,,3.0,07/2021,4.0,Congo,,420.0,245.0,skin,,leopard,1.0,,,
293,246,,,,07/2021,,,,,,,,,,,,
294,247,,,1.0,07/2021,,,,,,,,,,,,
295,248,7.0,,,07/2021,7.0,Cameroon,,424.0,248.0,scale,,pangolin,1.0,331.0,,
296,248,7.0,,,07/2021,7.0,Cameroon,,425.0,248.0,skin,,pangolin,3.0,331.0,,
297,249,5.0,,1.0,06/2017,5.0,Gabon,,,,,,,,,,
298,250,7.0,,,06/2017,7.0,Cameroon,,,,,,,,,,
299,251,,,1.0,06/2017,,,,,,,,,,,,
300,252,,,1.0,06/2017,,,,,,,,,,,,
301,253,5.0,,,06/2017,5.0,Gabon,,431.0,253.0,skin,,leopard,1.0,-1.0,,
302,254,4.0,,1.0,06/2017,4.0,Congo,,434.0,254.0,skin,,leopard,2.0,,,
303,255,2.0,,1.0,06/2017,2.0,Uganda,,,,,,,,,,
304,256,,,,06/2017,,,,,,,,,,,,
305,257,16.0,,1.0,06/2017,16.0,Kenya,,,,,,,,,,
306,258,2.0,,2.0,06/2017,2.0,Uganda,,440.0,258.0,ivory,,hippo,2.0,34.0,,
307,258,2.0,,2.0,06/2017,2.0,Uganda,,441.0,258.0,tooth,,hippo,2.0,,,
308,259,1.0,,1.0,06/2017,1.0,Guinea,,,,,,,,,,
309,260,5.0,,,06/2017,5.0,Gabon,,,,,,,,,,
310,261,1.0,,1.0,06/2018,1.0,Guinea,,,,,,,,,,
311,262,,,1.0,06/2018,,,,,,,,,,,,
312,263,9.0,,1.0,06/2018,9.0,Benin,,,,,,,,,,
313,264,13.0,,1.0,06/2018,13.0,Niger,,,,,,,,,,
314,265,,,2.0,06/2018,,,,,,,,,,,,
315,266,,,2.0,06/2018,,,,,,,,,,,,
316,267,,,5.0,06/2018,,,,,,,,,,,,
317,268,5.0,,1.0,06/2018,5.0,Gabon,,,,,,,,,,
318,269,,,2.0,06/2018,,,,,,,,,,,,
319,270,11.0,,1.0,06/2018,11.0,Burkina Faso,,457.0,270.0,skin,,leopard,2.0,-1.0,,
320,271,,,1.0,06/2018,,,,460.0,271.0,ivory,,pangolin,1.0,,,
321,271,,,1.0,06/2018,,,,461.0,271.0,scale,,pangolin,1.0,3.0,,
322,271,,,1.0,06/2018,,,,462.0,271.0,tusk,,pangolin,2.0,3.0,,
323,272,9.0,,2.0,06/2018,9.0,Benin,,,,,,,,,,
324,273,1.0,,,06/2018,1.0,Guinea,,,,,,,,,,
325,274,,,,06/2019,,,,,,,,,,,,
326,275,7.0,,,06/2019,7.0,Cameroon,,463.0,275.0,scale,,pangolin,1.0,700.0,,
327,276,14.0,,1.0,06/2019,14.0,Nigeria,,,,,,,,,,
328,277,5.0,,4.0,06/2019,5.0,Gabon,,,,,,,,,,
329,278,12.0,,1.0,06/2019,12.0,Ghana,,,,,,,,,,
330,279,,,1.0,06/2019,,,,,,,,,,,,
331,280,,,1.0,06/2019,,,,,,,,,,,,
332,281,9.0,,1.0,06/2019,9.0,Benin,,,,,,,,,,
333,282,,,1.0,06/2019,,,,,,,,,,,,
334,283,,,1.0,06/2019,,,,,,,,,,,,
335,284,4.0,,1.0,06/2019,4.0,Congo,,485.0,284.0,skin,,leopard,1.0,,,
336,285,4.0,,,06/2019,4.0,Congo,,,,,,,,,,
337,286,,,1.0,06/2020,,,,,,,,,,,,
338,287,7.0,,1.0,06/2020,7.0,Cameroon,,486.0,287.0,scale,,pangolin,1.0,380.0,,
339,288,7.0,,1.0,06/2020,7.0,Cameroon,,487.0,288.0,bone,,human,1.0,-1.0,,
340,289,7.0,,2.0,06/2020,7.0,Cameroon,,,,,,,,,,
341,290,4.0,,2.0,06/2020,4.0,Congo,,,,,,,,,,
342,291,8.0,,,06/2020,8.0,Senegal,,491.0,291.0,skin,,leopard,2.0,,,
343,292,6.0,,,06/2020,6.0,Mali,,,,,,,,,,
344,293,,,1.0,06/2020,,,,,,,,,,,,
345,294,9.0,,,06/2020,9.0,Benin,,,,,,,,,,
346,295,11.0,,2.0,06/2020,11.0,Burkina Faso,,,,,,,,,,
347,296,7.0,,,06/2020,7.0,Cameroon,,499.0,296.0,bone,,human,1.0,,,
348,297,7.0,,4.0,06/2021,7.0,Cameroon,,500.0,297.0,scale,,pangolin,1.0,60.0,,
349,298,7.0,,,06/2021,7.0,Cameroon,,501.0,298.0,skin,,crocodile,3.0,-1.0,,
350,299,,,,06/2021,,,,502.0,299.0,skin,,leopard,1.0,,,
351,300,7.0,,,06/2021,7.0,Cameroon,,,,,,,,,,
352,301,4.0,,1.0,06/2021,4.0,Congo,,504.0,301.0,scale,,pangolin,1.0,5.0,,
353,301,4.0,,1.0,06/2021,4.0,Congo,,503.0,301.0,tusk,,pangolin,3.0,5.0,,
354,302,,,2.0,06/2021,,,,,,,,,,,,
355,303,5.0,,1.0,06/2021,5.0,Gabon,,507.0,303.0,tusk,,elephant,2.0,,,
356,304,,,,06/2021,,,,,,,,,,,,
357,305,8.0,,1.0,06/2021,8.0,Senegal,,511.0,305.0,skin,,leopard,2.0,-1.0,,
358,306,8.0,,,06/2021,8.0,Senegal,,512.0,306.0,skin,,leopard,2.0,,,
359,307,,,2.0,06/2021,,,,515.0,307.0,skin,,leopard,1.0,,,
360,308,2.0,,1.0,06/2021,2.0,Uganda,,,,,,,,,,
361,309,,,,06/2021,,,,,,,,,,,,
362,310,7.0,,3.0,06/2021,7.0,Cameroon,,519.0,310.0,scale,,pangolin,1.0,60.0,,
363,311,8.0,,,06/2021,8.0,Senegal,,520.0,311.0,skin,,leopard,2.0,,,
364,312,1.0,,4.0,03/2017,1.0,Guinea,,,,,,,,,,
365,313,2.0,,11.0,03/2017,2.0,Uganda,,523.0,313.0,skin,,crocodile,354.0,,,
366,314,5.0,,1.0,03/2017,5.0,Gabon,,527.0,314.0,skin,,leopard,4.0,,,
367,315,4.0,,1.0,03/2017,4.0,Congo,,529.0,315.0,tusk,,elephant,11.0,,,
368,316,2.0,,36.0,03/2017,2.0,Uganda,,,,,,,,,,
369,317,,,,03/2017,,,,,,,,,,,,
370,318,11.0,,1.0,03/2018,11.0,Burkina Faso,,,,,,,,,,
371,319,7.0,,3.0,03/2018,7.0,Cameroon,,,,,,,,,,
372,320,,,2.0,03/2018,,,,,,,,,,,,
373,321,,,1.0,03/2018,,,,,,,,,,,,
374,322,5.0,,1.0,03/2018,5.0,Gabon,,,,,,,,,,
375,323,,,1.0,03/2018,,,,543.0,323.0,tusk,,elephant,2.0,,,
376,324,,,1.0,03/2018,,,,,,,,,,,,
377,325,,,2.0,03/2018,,,,,,,,,,,,
378,326,4.0,,,03/2018,4.0,Congo,,550.0,326.0,scale,,pangolin,1.0,6.5,,
379,326,4.0,,,03/2018,4.0,Congo,,549.0,326.0,tusk,,pangolin,3.0,6.5,,
380,327,5.0,,1.0,03/2018,5.0,Gabon,,551.0,327.0,ivory,,pangolin,1.0,,,
381,327,5.0,,1.0,03/2018,5.0,Gabon,,552.0,327.0,scale,,pangolin,1.0,,,
382,328,,,2.0,03/2018,,,,,,,,,,,,
383,329,8.0,,1.0,03/2018,8.0,Senegal,,,,,,,,,,
384,330,8.0,,,03/2018,8.0,Senegal,,554.0,330.0,skin,,leopard,4.0,,,
385,331,,,3.0,03/2018,,,,,,,,,,,,
386,332,7.0,,,03/2018,7.0,Cameroon,,,,,,,,,,
387,333,,,4.0,03/2019,,,,,,,,,,,,
388,334,22.0,,1.0,03/2019,22.0,China,,557.0,334.0,scale,,pangolin,1.0,1.7,,
389,334,22.0,,1.0,03/2019,22.0,China,,556.0,334.0,tusk,,pangolin,73.0,1.7,,
390,335,8.0,,,03/2019,8.0,Senegal,,559.0,335.0,scale,,pangolin,1.0,-1.0,,
391,336,,,1.0,03/2019,,,,,,,,,,,,
392,337,5.0,,1.0,03/2019,5.0,Gabon,,566.0,337.0,tusk,,elephant,3.0,,,
393,338,,,2.0,03/2019,,,,,,,,,,,,
394,339,11.0,,1.0,03/2019,11.0,Burkina Faso,,,,,,,,,,
395,340,,,1.0,03/2019,,,,,,,,,,,,
396,341,,,1.0,03/2019,,,,,,,,,,,,
397,342,8.0,,3.0,03/2019,8.0,Senegal,,,,,,,,,,
398,343,,,4.0,03/2019,,,,,,,,,,,,
399,344,7.0,,,03/2019,7.0,Cameroon,,579.0,344.0,scale,,pangolin,1.0,1.7,,
400,344,7.0,,,03/2019,7.0,Cameroon,,578.0,344.0,tusk,,pangolin,73.0,1.7,,
401,345,,,1.0,03/2020,,,,,,,,,,,,
402,346,5.0,,4.0,03/2020,5.0,Gabon,,,,,,,,,,
403,347,8.0,,2.0,03/2020,8.0,Senegal,,583.0,347.0,tooth,,hippo,1.0,20.0,,
404,348,,,4.0,03/2020,,,,584.0,348.0,ivory,,hippo,1.0,,,
405,348,,,4.0,03/2020,,,,585.0,348.0,scale,,pangolin,1.0,3.0,,
406,349,8.0,,1.0,03/2020,8.0,Senegal,,586.0,349.0,tooth,,hippo,1.0,20.0,,
407,350,5.0,,,03/2020,5.0,Gabon,,,,,,,,,,
408,351,7.0,,2.0,03/2021,7.0,Cameroon,,587.0,351.0,scale,,pangolin,1.0,109.0,,
409,352,4.0,,3.0,03/2021,4.0,Congo,,,,,,,,,,
410,353,5.0,,3.0,03/2021,5.0,Gabon,,,,,,,,,,
411,354,5.0,,1.0,03/2021,5.0,Gabon,,,,,,,,,,
412,355,,,2.0,03/2021,,,,,,,,,,,,
413,356,8.0,,1.0,03/2021,8.0,Senegal,,599.0,356.0,skin,,hyena,3.0,-1.0,,
414,356,8.0,,1.0,03/2021,8.0,Senegal,,600.0,356.0,tooth,,hippo,17.0,,,
415,357,,,1.0,03/2021,,,,601.0,357.0,skin,,leopard,1.0,,,
416,358,11.0,,,03/2021,11.0,Burkina Faso,,603.0,358.0,tusk,,elephant,2.0,,,
417,359,12.0,,2.0,03/2021,12.0,Ghana,,606.0,359.0,skin,,crocodile,30.0,,,
418,360,2.0,,,03/2021,2.0,Uganda,,,,,,,,,,
419,361,,,1.0,05/2017,,,,607.0,361.0,ivory,,leopard,1.0,,,
420,361,,,1.0,05/2017,,,,608.0,361.0,skin,,leopard,1.0,40.0,,
421,362,1.0,,1.0,05/2017,1.0,Guinea,,614.0,362.0,skin,,crocodile,1.0,,,
422,362,1.0,,1.0,05/2017,1.0,Guinea,,615.0,362.0,skin,,python,1.0,,,
423,363,5.0,,6.0,05/2017,5.0,Gabon,,617.0,363.0,skin,,leopard,1.0,,,
424,364,,,1.0,05/2017,,,,619.0,364.0,skin,,elephant,2.0,,,
425,364,,,1.0,05/2017,,,,618.0,364.0,skin,,leopard,1.0,,,
426,365,,,1.0,05/2017,,,,,,,,,,,,
427,366,,,2.0,05/2017,,,,,,,,,,,,
428,367,,,2.0,05/2017,,,,,,,,,,,,
429,368,,,1.0,05/2017,,,,621.0,368.0,skin,,elephant,2.0,,,
430,368,,,1.0,05/2017,,,,622.0,368.0,tusk,,elephant,2.0,,,
431,369,,,3.0,05/2017,,,,623.0,369.0,skin,,leopard,1.0,-1.0,,
432,369,,,3.0,05/2017,,,,624.0,369.0,tooth,,leopard,1.0,,,
433,370,,,1.0,05/2017,,,,625.0,370.0,skin,,gorilla,2.0,,,
434,371,,,1.0,05/2017,,,,,,,,,,,,
435,372,2.0,,1.0,05/2017,2.0,Uganda,,,,,,,,,,
436,373,,,1.0,05/2017,,,,,,,,,,,,
437,374,,,,05/2017,,,,,,,,,,,,
438,375,4.0,,2.0,05/2017,4.0,Congo,,,,,,,,,,
439,376,4.0,,,05/2017,4.0,Congo,,,,,,,,,,
440,377,,,,05/2017,,,,,,,,,,,,
441,378,4.0,,1.0,05/2017,4.0,Congo,,635.0,378.0,ivory,,leopard,1.0,,,
442,378,4.0,,1.0,05/2017,4.0,Congo,,636.0,378.0,skin,,leopard,1.0,,,
443,379,2.0,,,05/2017,2.0,Uganda,,,,,,,,,,
444,380,,,1.0,05/2018,,,,,,,,,,,,
445,381,5.0,,1.0,05/2018,5.0,Gabon,,,,,,,,,,
446,382,,,1.0,05/2018,,,,,,,,,,,,
447,383,,,1.0,05/2018,,,,,,,,,,,,
448,384,,,3.0,05/2018,,,,645.0,384.0,tooth,,leopard,1.0,,,
449,384,,,3.0,05/2018,,,,644.0,384.0,tusk,,elephant,2.0,,,
450,385,,,1.0,05/2018,,,,,,,,,,,,
451,386,,,1.0,05/2018,,,,,,,,,,,,
452,387,,,1.0,05/2018,,,,,,,,,,,,
453,388,7.0,,4.0,05/2018,7.0,Cameroon,,,,,,,,,,
454,389,,,1.0,05/2018,,,,654.0,389.0,bone,,elephant,1.0,,,
455,389,,,1.0,05/2018,,,,653.0,389.0,scale,,pangolin,1.0,,,
456,389,,,1.0,05/2018,,,,652.0,389.0,tusk,,pangolin,1.0,,,
457,390,,,1.0,05/2018,,,,,,,,,,,,
458,391,14.0,,,05/2018,14.0,Nigeria,,658.0,391.0,tooth,,hippo,1.0,,,
459,391,14.0,,,05/2018,14.0,Nigeria,,657.0,391.0,tusk,,hippo,7.0,,,
460,392,,,3.0,05/2018,,,,664.0,392.0,skin,,leopard,1.0,,,
461,393,,,2.0,05/2018,,,,665.0,393.0,scale,,pangolin,1.0,35.0,,
462,394,,,1.0,05/2018,,,,666.0,394.0,scale,,pangolin,1.0,,,
463,395,4.0,,1.0,05/2018,4.0,Congo,,,,,,,,,,
464,396,4.0,,3.0,05/2018,4.0,Congo,,,,,,,,,,
465,397,,,3.0,05/2018,,,,669.0,397.0,scale,,pangolin,1.0,35.0,,
466,398,5.0,,,05/2018,5.0,Gabon,,,,,,,,,,
467,399,7.0,,1.0,05/2019,7.0,Cameroon,,670.0,399.0,skin,,leopard,1.0,,,
468,400,5.0,,,05/2019,5.0,Gabon,,,,,,,,,,
469,401,,,2.0,05/2019,,,,,,,,,,,,
470,402,,,4.0,05/2019,,,,,,,,,,,,
471,403,7.0,,1.0,05/2019,7.0,Cameroon,,679.0,403.0,scale,,pangolin,1.0,100.0,,
472,404,5.0,,2.0,05/2019,5.0,Gabon,,,,,,,,,,
473,405,7.0,,1.0,05/2019,7.0,Cameroon,,683.0,405.0,skin,,leopard,1.0,,,
474,406,5.0,,4.0,05/2019,5.0,Gabon,,,,,,,,,,
475,407,7.0,,,05/2019,7.0,Cameroon,,687.0,407.0,scale,,pangolin,1.0,100.0,,
476,408,,,1.0,05/2020,,,,,,,,,,,,
477,409,7.0,,1.0,05/2020,7.0,Cameroon,,688.0,409.0,bone,,human,1.0,-1.0,,
478,410,,,3.0,05/2020,,,,690.0,410.0,bone,,human,1.0,-1.0,,
479,411,7.0,,1.0,05/2020,7.0,Cameroon,,,,,,,,,,
480,412,,,1.0,05/2020,,,,,,,,,,,,
481,413,9.0,,1.0,05/2020,9.0,Benin,,,,,,,,,,
482,414,7.0,,1.0,05/2020,7.0,Cameroon,,702.0,414.0,bone,,human,1.0,,,
483,415,9.0,,,05/2020,9.0,Benin,,,,,,,,,,
484,416,5.0,,,05/2021,5.0,Gabon,,703.0,416.0,tusk,,elephant,8.0,-1.0,,
485,417,,,,05/2021,,,,712.0,417.0,scale,,pangolin,1.0,110.0,,
486,418,,,,05/2021,,,,,,,,,,,,
487,419,7.0,,2.0,05/2021,7.0,Cameroon,,,,,,,,,,
488,420,7.0,,,05/2021,7.0,Cameroon,,714.0,420.0,scale,,pangolin,1.0,72.0,,
489,421,,,3.0,05/2021,,,,,,,,,,,,
490,422,4.0,,1.0,05/2021,4.0,Congo,,,,,,,,,,
491,423,,,1.0,05/2021,,,,,,,,,,,,
492,424,4.0,,3.0,05/2021,4.0,Congo,,715.0,424.0,bone,,human,1.0,,,
493,424,4.0,,3.0,05/2021,4.0,Congo,,716.0,424.0,skin,,leopard,1.0,,,
494,425,4.0,,,05/2021,4.0,Congo,,718.0,425.0,scale,,pangolin,1.0,110.0,,
495,426,,,2.0,11/2017,,,,,,,,,,,,
496,427,26.0,,,11/2017,26.0,Sierra Leone,,,,,,,,,,
497,428,,,1.0,11/2017,,,,,,,,,,,,
498,429,2.0,,1.0,11/2017,2.0,Uganda,,,,,,,,,,
499,430,2.0,,1.0,11/2017,2.0,Uganda,,,,,,,,,,
500,431,,,3.0,11/2017,,,,725.0,431.0,ivory,,elephant,1.0,,,
501,432,,,1.0,11/2017,,,,,,,,,,,,
502,433,,,1.0,11/2017,,,,,,,,,,,,
503,434,4.0,,3.0,11/2017,4.0,Congo,,,,,,,,,,
504,435,,,2.0,11/2017,,,,,,,,,,,,
505,436,,,1.0,11/2017,,,,732.0,436.0,tusk,,elephant,2.0,,,
506,437,,,1.0,11/2017,,,,,,,,,,,,
507,438,5.0,,2.0,11/2017,5.0,Gabon,,,,,,,,,,
508,439,,,1.0,11/2017,,,,,,,,,,,,
509,440,,,1.0,11/2017,,,,,,,,,,,,
510,441,,,3.0,11/2017,,,,740.0,441.0,skin,,leopard,2.0,,,
511,441,,,3.0,11/2017,,,,739.0,441.0,tusk,,leopard,2.0,,,
512,442,7.0,,1.0,11/2017,7.0,Cameroon,,741.0,442.0,scale,,pangolin,1.0,128.0,,
513,443,8.0,,,11/2017,8.0,Senegal,,745.0,443.0,skin,,crocodile,1.0,-1.0,,
514,443,8.0,,,11/2017,8.0,Senegal,,744.0,443.0,tusk,,crocodile,2.0,,,
515,444,,,3.0,11/2017,,,,,,,,,,,,
516,445,7.0,,3.0,11/2017,7.0,Cameroon,,746.0,445.0,scale,,pangolin,1.0,128.0,,
517,446,4.0,,,11/2017,4.0,Congo,,,,,,,,,,
518,447,4.0,,1.0,11/2018,4.0,Congo,,,,,,,,,,
519,448,5.0,,1.0,11/2018,5.0,Gabon,,752.0,448.0,tusk,,elephant,4.0,,,
520,449,8.0,,1.0,11/2018,8.0,Senegal,,,,,,,,,,
521,450,5.0,,1.0,11/2018,5.0,Gabon,,,,,,,,,,
522,451,5.0,,,11/2018,5.0,Gabon,,761.0,451.0,tusk,,elephant,4.0,,,
523,452,,,1.0,11/2019,,,,,,,,,,,,
524,453,,,1.0,11/2019,,,,,,,,,,,,
525,454,7.0,,1.0,11/2019,7.0,Cameroon,,,,,,,,,,
526,455,,,1.0,11/2019,,,,,,,,,,,,
527,456,4.0,,1.0,11/2019,4.0,Congo,,,,,,,,,,
528,457,,,1.0,11/2019,,,,,,,,,,,,
529,458,,,1.0,11/2019,,,,,,,,,,,,
530,459,7.0,,,11/2019,7.0,Cameroon,,,,,,,,,,
531,460,7.0,,1.0,11/2020,7.0,Cameroon,,,,,,,,,,
532,461,5.0,,1.0,11/2020,5.0,Gabon,,,,,,,,,,
533,462,,,1.0,11/2020,,,,,,,,,,,,
534,463,5.0,,,11/2020,5.0,Gabon,,766.0,463.0,ivory,,elephant,1.0,-1.0,,
535,464,4.0,,1.0,11/2021,4.0,Congo,,,,,,,,,,
536,465,,,4.0,11/2021,,,,,,,,,,,,
537,466,5.0,,3.0,11/2021,5.0,Gabon,,767.0,466.0,tusk,,elephant,2.0,,,
538,467,7.0,,,11/2021,7.0,Cameroon,,,,,,,,,,
539,468,7.0,,,11/2021,7.0,Cameroon,,770.0,468.0,scale,,pangolin,1.0,86.0,,
540,469,4.0,,4.0,11/2021,4.0,Congo,,772.0,469.0,ivory,,leopard,8.0,,,
541,469,4.0,,4.0,11/2021,4.0,Congo,,771.0,469.0,tusk,,elephant,2.0,,,
542,470,5.0,,3.0,11/2021,5.0,Gabon,,773.0,470.0,tusk,,elephant,2.0,,,
543,471,7.0,,,11/2021,7.0,Cameroon,,,,,,,,,,
544,472,,,,11/2021,,,,774.0,472.0,tusk,,elephant,2.0,,,
545,473,,,4.0,10/2017,,,,,,,,,,,,
546,474,,,,10/2017,,,,,,,,,,,,
547,475,5.0,,1.0,10/2017,5.0,Gabon,,779.0,475.0,tooth,,hippo,8.0,-1.0,,
548,476,3.0,,18.0,10/2017,3.0,Togo,,,,,,,,,,
549,477,5.0,,1.0,10/2017,5.0,Gabon,,,,,,,,,,
550,478,,,1.0,10/2017,,,,,,,,,,,,
551,479,,,3.0,10/2017,,,,,,,,,,,,
552,480,,,6.0,10/2017,,,,791.0,480.0,skin,,leopard,1.0,,,
553,480,,,6.0,10/2017,,,,790.0,480.0,tusk,,leopard,2.0,,,
554,481,7.0,,1.0,10/2017,7.0,Cameroon,,792.0,481.0,ivory,,pangolin,1.0,,,
555,481,7.0,,1.0,10/2017,7.0,Cameroon,,793.0,481.0,scale,,pangolin,1.0,,,
556,481,7.0,,1.0,10/2017,7.0,Cameroon,,794.0,481.0,skin,,leopard,1.0,,,
557,482,,,2.0,10/2017,,,,796.0,482.0,tusk,,elephant,2.0,,,
558,483,4.0,,2.0,10/2017,4.0,Congo,,797.0,483.0,scale,,pangolin,1.0,50.0,,
559,484,,,1.0,10/2017,,,,799.0,484.0,scale,,pangolin,1.0,,,
560,484,,,1.0,10/2017,,,,798.0,484.0,skin,,pangolin,2.0,,,
561,485,,,2.0,10/2017,,,,800.0,485.0,skin,,leopard,1.0,,,
562,486,7.0,,4.0,10/2017,7.0,Cameroon,,803.0,486.0,scale,,pangolin,1.0,,,
563,486,7.0,,4.0,10/2017,7.0,Cameroon,,802.0,486.0,skin,,leopard,2.0,,,
564,487,,,,10/2017,,,,,,,,,,,,
565,488,9.0,,,10/2018,9.0,Benin,,809.0,488.0,skin,,leopard,3.0,,,
566,489,3.0,,,10/2018,3.0,Togo,,,,,,,,,,
567,490,,,1.0,10/2018,,,,815.0,490.0,scale,,pangolin,1.0,3.0,,
568,491,5.0,,3.0,10/2018,5.0,Gabon,,,,,,,,,,
569,492,9.0,,1.0,10/2018,9.0,Benin,,,,,,,,,,
570,493,4.0,,,10/2018,4.0,Congo,,,,,,,,,,
571,494,,,1.0,10/2019,,,,,,,,,,,,
572,495,5.0,,1.0,10/2019,5.0,Gabon,,,,,,,,,,
573,496,,,1.0,10/2019,,,,,,,,,,,,
574,497,4.0,,1.0,10/2019,4.0,Congo,,,,,,,,,,
575,498,,,1.0,10/2019,,,,,,,,,,,,
576,499,,,1.0,10/2019,,,,,,,,,,,,
577,500,,,1.0,10/2019,,,,,,,,,,,,
578,501,11.0,,1.0,10/2019,11.0,Burkina Faso,,,,,,,,,,
579,502,,,,10/2019,,,,,,,,,,,,
580,503,4.0,,2.0,10/2019,4.0,Congo,,,,,,,,,,
581,504,4.0,,2.0,10/2019,4.0,Congo,,834.0,504.0,skin,,leopard,1.0,,,
582,504,4.0,,2.0,10/2019,4.0,Congo,,835.0,504.0,tooth,,leopard,1.0,,,
583,505,8.0,,1.0,10/2019,8.0,Senegal,,,,,,,,,,
584,506,,,2.0,10/2019,,,,,,,,,,,,
585,507,8.0,,,10/2019,8.0,Senegal,,,,,,,,,,
586,508,,,1.0,10/2020,,,,,,,,,,,,
587,509,9.0,,4.0,10/2020,9.0,Benin,,,,,,,,,,
588,510,5.0,,1.0,10/2020,5.0,Gabon,,,,,,,,,,
589,511,5.0,,1.0,10/2020,5.0,Gabon,,,,,,,,,,
590,512,,,1.0,10/2020,,,,,,,,,,,,
591,513,22.0,,2.0,10/2020,22.0,China,,850.0,513.0,tooth,,whale,16.0,34.0,,
592,514,31.0,,2.0,10/2020,,,,853.0,514.0,Ara Macaw,,parrot,1.0,,,
593,514,31.0,,2.0,10/2020,,,,851.0,514.0,claw,,leopard,48.0,,,
594,515,11.0,,1.0,10/2020,11.0,Burkina Faso,,855.0,515.0,tusk,,elephant,11.0,,,
595,516,,,1.0,10/2020,,,,,,,,,,,,
596,517,9.0,,,10/2020,9.0,Benin,,,,,,,,,,
597,518,,,4.0,10/2021,,,,857.0,518.0,ivory,,elephant,1.0,,,
598,518,,,4.0,10/2021,,,,856.0,518.0,tusk,,elephant,11.0,,,
599,519,3.0,,,10/2021,3.0,Togo,,,,,,,,,,
600,520,7.0,,2.0,10/2021,7.0,Cameroon,,,,,,,,,,
601,521,14.0,,2.0,10/2021,14.0,Nigeria,,860.0,521.0,skin,,hyena,1.0,,,
602,521,14.0,,2.0,10/2021,14.0,Nigeria,,859.0,521.0,skin,,lion,1.0,,,
603,522,7.0,,,10/2021,7.0,Cameroon,,,,,,,,,,
604,523,7.0,,,10/2021,7.0,Cameroon,,861.0,523.0,scale,,pangolin,1.0,77.0,,
605,524,5.0,,,10/2021,5.0,Gabon,,,,,,,,,,
606,525,,,,10/2021,,,,,,,,,,,,
607,526,7.0,,,10/2021,7.0,Cameroon,,,,,,,,,,
608,527,7.0,,2.0,10/2021,7.0,Cameroon,,864.0,527.0,scale,,pangolin,1.0,77.0,,
609,528,,,2.0,10/2021,,,,866.0,528.0,skin,,hyena,1.0,,,
610,528,,,2.0,10/2021,,,,865.0,528.0,skin,,lion,1.0,,,
611,529,7.0,,,10/2021,7.0,Cameroon,,,,,,,,,,
612,530,,,,09/2017,,,,,,,,,,,,
613,531,,,2.0,09/2017,,,,,,,,,,,,
614,532,,,2.0,09/2017,,,,867.0,532.0,scale,,pangolin,1.0,40.0,,
615,533,2.0,,,09/2017,2.0,Uganda,,868.0,533.0,skin,,okapi,3.0,,,
616,534,,,1.0,09/2017,,,,,,,,,,,,
617,535,2.0,,1.0,09/2017,2.0,Uganda,,,,,,,,,,
618,536,,,1.0,09/2017,,,,,,,,,,,,
619,537,18.0,,1.0,09/2017,18.0,South Sudan,,,,,,,,,,
620,538,,,1.0,09/2017,,,,,,,,,,,,
621,539,4.0,,1.0,09/2017,4.0,Congo,,,,,,,,,,
622,540,5.0,,,09/2017,5.0,Gabon,,,,,,,,,,
623,541,,,3.0,09/2017,,,,,,,,,,,,
624,542,2.0,,1.0,09/2017,2.0,Uganda,,887.0,542.0,ivory,,hippo,1.0,,,
625,542,2.0,,1.0,09/2017,2.0,Uganda,,886.0,542.0,tooth,,hippo,229.0,,,
626,543,7.0,,,09/2017,7.0,Cameroon,,,,,,,,,,
627,544,1.0,,4.0,09/2018,1.0,Guinea,,,,,,,,,,
628,545,7.0,,1.0,09/2018,7.0,Cameroon,,888.0,545.0,scale,,pangolin,1.0,270.0,,
629,546,5.0,,1.0,09/2018,5.0,Gabon,,,,,,,,,,
630,547,,,2.0,09/2018,,,,,,,,,,,,
631,548,,,1.0,09/2018,,,,,,,,,,,,
632,549,,,2.0,09/2018,,,,,,,,,,,,
633,550,,,1.0,09/2018,,,,,,,,,,,,
634,551,,,1.0,09/2018,,,,,,,,,,,,
635,552,,,,09/2018,,,,,,,,,,,,
636,553,9.0,,4.0,09/2018,9.0,Benin,,,,,,,,,,
637,554,7.0,,1.0,09/2018,7.0,Cameroon,,902.0,554.0,scale,,pangolin,1.0,270.0,,
638,555,5.0,,,09/2018,5.0,Gabon,,,,,,,,,,
639,556,,,1.0,09/2019,,,,,,,,,,,,
640,557,7.0,,1.0,09/2019,7.0,Cameroon,,906.0,557.0,scale,,pangolin,1.0,,,
641,558,5.0,,1.0,09/2019,5.0,Gabon,,,,,,,,,,
642,559,,,1.0,09/2019,,,,,,,,,,,,
643,560,9.0,,1.0,09/2019,9.0,Benin,,,,,,,,,,
644,561,,,1.0,09/2019,,,,,,,,,,,,
645,562,5.0,,1.0,09/2019,5.0,Gabon,,,,,,,,,,
646,563,7.0,,1.0,09/2019,7.0,Cameroon,,,,,,,,,,
647,564,9.0,,,09/2019,9.0,Benin,,,,,,,,,,
648,565,,,1.0,09/2020,,,,,,,,,,,,
649,566,7.0,,1.0,09/2020,7.0,Cameroon,,,,,,,,,,
650,567,,,1.0,09/2020,,,,,,,,,,,,
651,568,5.0,,1.0,09/2020,5.0,Gabon,,,,,,,,,,
652,569,,,1.0,09/2020,,,,912.0,569.0,skin,,leopard,1.0,,,
653,569,,,1.0,09/2020,,,,911.0,569.0,tusk,,leopard,4.0,,,
654,570,5.0,,1.0,09/2020,5.0,Gabon,,,,,,,,,,
655,571,,,1.0,09/2020,,,,,,,,,,,,
656,572,7.0,,1.0,09/2020,7.0,Cameroon,,,,,,,,,,
657,573,5.0,,,09/2020,5.0,Gabon,,,,,,,,,,
658,574,,,2.0,09/2021,,,,,,,,,,,,
659,575,7.0,,,09/2021,7.0,Cameroon,,,,,,,,,,
660,576,,,2.0,09/2021,,,,,,,,,,,,
661,577,5.0,,,09/2021,5.0,Gabon,,,,,,,,,,
662,578,,,5.0,09/2021,,,,,,,,,,,,
663,579,5.0,,,09/2021,5.0,Gabon,,,,,,,,,,
664,580,,,4.0,09/2021,,,,,,,,,,,,
665,581,5.0,,1.0,09/2021,5.0,Gabon,,921.0,581.0,tusk,,elephant,4.0,,,
666,582,7.0,,2.0,09/2021,7.0,Cameroon,,922.0,582.0,tusk,,elephant,1.0,,,
667,583,5.0,,4.0,09/2021,5.0,Gabon,,,,,,,,,,
668,584,5.0,,,09/2021,5.0,Gabon,,925.0,584.0,tusk,,elephant,4.0,,,
